,OS,CPU_Threads,CPU_Boosted_Clock,CPU_L3(MB),CPU_TDP(W),GPU_Memory(GB),GPU_Memory_Type,GPU memory clock(MHz),RAM(GB),RAM_DDR,Storage(GB),Display_Inch,Display_Height(pixel),Weight(kg)
637,Windows,16,4.9,16,35,4,GDDR6,1500,32,5,1024,14.5,3072,1.45
1657,Windows,16,5.0,16,45,8,GDDR6,1750,32,4,1024,15.6,3840,2.23
1376,Windows,16,4.4,16,45,8,GDDR6,1750,16,4,1024,15.6,1920,2.3
733,Windows,16,4.4,12,28,0,,0,16,4,512,14.0,1920,0.98
608,Windows,12,4.4,12,15,0,,0,16,4,512,14.0,1920,1.613
406,Windows,16,4.5,16,15,0,,0,12,4,512,15.6,1920,1.879
1268,Windows,12,4.2,16,15,4,GDDR6,1500,16,4,512,14.0,1920,1.5
378,Windows,8,4.9,8,25,0,,0,16,4,512,15.6,1920,1.82
1123,Windows,8,4.7,12,28,0,,0,16,4,1024,15.6,1920,1.6
987,Windows,16,4.8,24,35,8,GDDR6,1750,16,4,1024,16.0,3840,1.86
1163,Windows,16,4.9,24,35,8,GDDR6,1750,32,4,2048,15.6,2560,2.1
1600,Windows,8,4.6,6,45,0,,0,8,4,256,14.0,1920,1.54
632,Windows,4,4.1,6,28,0,,0,8,4,256,15.6,1920,1.7
166,Windows,20,5.0,24,45,4,GDDR6,1500,16,4,1024,13.4,1920,1.185
143,Windows,12,4.7,12,9,0,,0,16,4,1024,17.3,2560,1.826
1564,Windows,2,2.8,4,6,0,,0,4,4,128,15.6,1920,1.63
630,Windows,12,4.2,16,15,0,,0,16,4,512,13.3,1920,1.378
1592,Windows,4,3.5,4,15,0,,0,8,4,1024,15.6,1366,1.96
1628,Windows,8,4.8,12,28,0,,0,16,4,512,14.0,1920,1.22
420,Windows,16,5.0,24,35,16,GDDR6,1750,64,4,512,17.3,1920,2.76
1748,Windows,12,5.0,12,45,4,GDDR5,1751,16,4,512,17.3,1920,2.97
26,Windows,12,4.0,8,15,4,GDDR5,2001,8,4,512,15.6,1920,2.15
1328,Windows,16,4.6,16,45,8,GDDR6,1750,32,4,1024,15.6,2560,2.3
1445,Windows,16,5.0,16,45,8,GDDR6,1750,16,4,1024,16.0,3840,2.4
45,Windows,20,4.7,24,45,0,,0,16,5,1024,14.0,2880,1.4
375,Windows,16,4.5,18,45,2,GDDR6,1500,16,5,512,15.6,1920,1.79
1277,Windows,8,4.7,12,28,2,GDDR5,1752,16,4,512,14.0,1920,1.05
884,Windows,8,4.7,12,28,0,,0,16,4,1024,14.0,3840,1.2
864,Windows,8,4.2,8,28,0,,0,8,4,512,14.0,1920,1.36
13,Windows,16,4.4,12,28,4,GDDR6,1500,16,5,512,14.0,2240,1.402
711,Windows,16,4.4,16,45,4,GDDR6,1500,8,4,512,15.6,1920,2.2
1028,Windows,16,4.4,16,45,8,GDDR6,1750,16,4,1024,15.6,1920,2.4
869,Windows,12,4.0,8,15,0,,0,8,4,256,14.0,1920,1.41
1061,Windows,8,3.6,6,15,0,,0,12,4,256,15.6,1366,1.85
1703,Windows,16,5.3,16,45,8,GDDR6,1625,32,4,1024,17.3,3840,2.922
179,Windows,8,4.7,12,28,0,,0,16,4,512,13.3,1920,1.3
1071,Windows,8,4.0,4,15,0,,0,8,4,512,14.0,1920,1.6
1817,Windows,8,4.2,8,28,0,,0,8,4,256,14.0,1920,1.41
27,Windows,4,3.3,4,6,0,,0,4,4,128,11.6,1920,1.49
1312,Windows,16,4.6,16,45,8,GDDR6,1750,32,4,2048,17.3,2560,2.7
1602,Windows,8,4.7,12,28,4,LPDDR4X,2133,16,4,1024,15.6,3840,1.936
1579,Windows,8,4.8,12,28,0,,0,16,4,512,14.0,2560,1.497
1008,Windows,8,4.2,8,28,0,,0,16,4,512,14.0,1920,1.5
1715,Windows,8,4.7,12,28,0,,0,16,4,1024,13.3,1920,1.24
615,Windows,2,1.8,4,15,0,,0,4,4,128,14.0,1920,1.41
1167,Windows,12,5.0,12,45,6,GDDR6,1500,16,4,512,15.6,1920,2.1
1626,Windows,8,4.2,8,28,0,,0,8,4,256,15.6,1920,1.79
648,Windows,12,4.0,8,15,0,,0,16,4,512,13.3,1920,1.39
1479,Windows,4,4.1,6,28,0,,0,8,4,256,17.3,1920,2.3
208,Windows,8,4.4,8,32,4,GDDR6,1500,16,4,512,15.6,1920,1.65
1350,Windows,12,4.0,8,15,4,GDDR5,2001,8,4,512,15.6,1920,2.15
408,Windows,20,4.7,24,45,6,GDDR6,1750,16,5,1024,16.0,3840,2.261
25,Windows,8,4.2,8,28,0,,0,8,4,256,14.0,1920,1.4
1844,Windows,12,4.0,8,15,0,,0,16,4,512,15.6,1920,1.86
1798,Windows,16,4.4,16,15,0,,0,16,4,512,13.3,2560,0.987
1046,Windows,12,4.2,16,45,0,,0,16,4,512,16.1,2560,1.9
118,Windows,12,4.0,8,15,4,GDDR6,1500,16,4,512,15.6,1920,2.15
1388,Windows,16,4.6,16,35,8,GDDR6,1750,16,4,1024,15.6,2560,1.9
1483,Windows,8,4.2,12,25,0,,0,8,4,1024,15.6,1920,1.6
1790,Windows,12,4.2,16,45,4,GDDR5,2001,8,4,256,15.6,1920,1.98
1525,Windows,16,4.6,24,35,6,GDDR6,1750,16,4,1024,16.0,2560,1.9
357,Windows,20,4.7,24,45,4,GDDR6,1500,16,5,512,16.0,1920,2.02
788,Windows,24,4.8,25,55,8,GDDR6,1750,16,5,1024,15.6,2560,2.38
1904,Linux,4,3.3,4,6,0,,0,4,4,128,14.0,1920,1.3
347,Windows,8,3.5,4,15,0,,0,8,4,256,15.6,1920,1.96
96,Windows,16,4.7,16,45,8,GDDR6,1750,32,5,1024,15.6,1920,2.5
845,Windows,8,4.8,12,32,0,,0,16,4,512,14.2,2520,1.443
1492,Windows,8,3.6,6,15,2,GDDR5,1752,8,4,512,14.0,1920,1.45
1694,Windows,8,4.7,12,28,0,,0,16,4,512,15.6,1920,1.69
1232,Windows,8,4.2,8,28,0,,0,8,4,512,14.0,1920,1.45
1643,Windows,8,4.2,8,28,2,GDDR5,1752,8,4,512,14.0,1920,1.72
1705,Windows,4,4.1,6,28,0,,0,8,4,256,15.6,1920,1.75
650,Windows,4,4.1,4,25,0,,0,4,4,128,15.6,1366,1.85
424,Windows,12,4.8,12,15,0,,0,32,5,1024,14.0,1920,1.47
847,Windows,12,4.0,11,54,0,,0,16,4,512,16.1,1920,1.722
1669,Windows,8,4.2,8,28,2,GDDR6,1250,16,4,1024,17.3,1920,2.73
764,Windows,24,5.0,30,55,16,GDDR6,2000,64,5,2048,17.3,3840,3.3
1095,Windows,8,4.8,12,28,4,GDDR6,1250,16,4,1024,14.0,3840,1.295
639,Windows,8,4.8,12,32,2,GDDR6,1250,16,4,1024,14.0,2880,1.38
721,Windows,8,4.7,12,28,0,,0,16,4,512,14.0,1920,1.38
1770,Windows,8,3.7,8,28,0,,0,8,4,256,15.6,1920,1.92
167,Windows,8,4.7,12,28,0,,0,16,4,512,14.0,1920,1.61
999,Windows,8,4.2,8,28,0,,0,16,4,512,15.6,1920,1.7
732,Windows,12,4.0,8,15,0,,0,8,4,512,14.0,1920,1.41
1027,Windows,16,4.4,16,45,6,GDDR6,1750,16,4,512,15.6,1920,2.4
728,Windows,8,3.8,4,15,0,,0,8,4,256,15.6,1920,1.65
1822,Windows,8,4.2,8,28,0,,0,8,4,512,13.3,1920,1.24
149,Windows,16,4.7,24,45,8,GDDR6,1750,16,5,1024,15.6,2560,1.952
1250,Windows,8,3.7,6,15,0,,0,8,4,256,14.0,1920,1.527
1803,Windows,8,4.2,8,28,0,,0,16,4,1024,15.6,1920,1.75
1349,Windows,16,4.3,8,15,4,GDDR5,2001,16,4,1024,15.6,1920,2.15
0,Windows,20,4.7,24,45,6,GDDR6,1375,32,5,1024,16.0,2560,2.372
930,Windows,12,5.0,12,45,8,GDDR6,1375,32,4,512,15.6,1920,2.8
1035,Windows,12,4.0,11,54,4,GDDR5,2001,16,4,512,15.6,1920,2.2
986,Windows,16,4.8,24,35,6,GDDR6,1750,16,4,512,16.0,3840,1.86
518,Windows,12,4.5,12,35,4,GDDR6,1500,16,4,512,15.6,1920,2.18
1512,Windows,16,4.2,12,54,6,GDDR6,1750,16,4,1024,15.6,1920,2.3
1124,Windows,12,5.0,12,45,8,GDDR6,1750,16,4,512,17.3,1920,2.9
535,Windows,8,4.5,8,28,0,,0,16,4,512,17.3,1920,2.08
1570,Windows,16,4.8,24,35,4,GDDR6,1375,32,4,2048,15.6,3840,2.006
1084,Windows,8,4.7,12,28,0,,0,16,4,1024,17.0,2560,1.35
1601,Windows,8,4.9,8,25,0,,0,8,4,256,14.0,1920,1.61
1590,Windows,8,4.4,8,28,0,,0,16,4,256,13.3,1920,1.2
289,Windows,20,5.0,24,45,6,GDDR6,1750,16,5,1024,17.3,2560,2.9
656,Windows,16,4.6,24,35,6,GDDR6,1750,32,4,512,16.0,3840,1.81
1488,Windows,4,3.4,4,15,0,,0,4,4,128,15.6,1920,1.8
1550,Windows,16,4.6,16,35,4,GDDR6,1500,16,4,1024,13.4,1920,1.3
64,Windows,20,4.7,24,45,6,GDDR6,1750,16,4,512,14.0,2880,1.7
895,Windows,12,4.0,8,15,0,,0,16,4,512,14.0,1920,1.38
401,Windows,16,4.6,24,35,8,GDDR6,1750,16,4,1024,15.6,3840,2.0
1800,Windows,12,4.0,8,15,0,,0,8,4,512,15.6,1920,1.75
633,Windows,16,4.6,24,35,4,GDDR6,1250,16,4,512,16.0,2560,1.842
745,Windows,20,4.8,24,28,4,GDDR6,1500,32,4,2048,16.0,2560,1.9
1133,Windows,16,5.1,16,45,6,GDDR6,1750,16,4,1024,17.3,1920,2.9
362,Windows,8,4.5,8,28,0,,0,8,4,256,14.0,1920,1.435
1259,Windows,8,4.2,8,28,0,,0,8,4,512,14.0,1920,1.6
1661,Windows,16,5.3,16,45,8,GDDR6,1750,64,4,2048,15.6,3840,2.0
374,Windows,12,4.4,12,15,0,,0,16,4,512,15.6,1920,1.54
1763,Windows,8,4.7,12,28,0,,0,16,4,1024,13.3,1920,1.27
1159,Windows,16,4.6,24,35,8,GDDR6,1750,32,4,1024,17.3,1920,2.45
1006,Windows,8,4.5,6,45,4,GDDR5,1751,16,4,512,15.6,1920,1.9
799,Windows,16,4.4,12,28,0,,0,16,4,512,14.0,1920,1.29
1547,Windows,16,4.4,16,35,4,GDDR5,1751,16,4,512,13.4,1920,1.3
5,Windows,16,4.7,18,28,0,,0,16,4,1024,14.2,3120,1.268
321,Windows,4,3.3,4,6,0,,0,4,4,512,11.6,1366,1.26
908,Windows,16,4.3,8,15,0,,0,16,4,256,14.0,1920,1.555
1667,Windows,16,5.0,24,35,8,GDDR6,1750,32,4,2048,15.6,3840,1.947
509,Windows,8,4.2,8,28,0,,0,8,4,512,13.3,1920,1.32
1732,Windows,8,4.9,8,25,0,,0,16,4,512,13.3,1920,1.31
1716,Windows,8,4.2,8,28,4,GDDR6,1250,16,4,256,14.0,1920,1.63
623,Windows,20,4.7,24,45,8,GDDR6,1750,16,5,1024,16.0,2560,2.553
90,Windows,16,4.5,18,45,6,GDDR6,1750,16,4,512,15.6,1920,2.5
165,Windows,16,4.9,16,35,8,GDDR6,2000,32,5,1024,14.0,2560,1.71
169,Windows,16,4.9,16,35,8,GDDR6,1750,16,5,1024,15.6,2560,1.9
972,Windows,8,4.2,8,28,0,,0,8,4,256,13.0,2160,0.802
1902,MacOS,8,3.2,24,15,0,,0,16,4,512,14.2,3024,1.6
1092,Windows,16,4.9,24,35,8,GDDR6,1750,64,4,2048,17.3,3840,2.384
779,Windows,20,5.0,24,45,8,GDDR6,1750,32,5,1024,15.6,1920,2.1
110,Windows,8,4.5,8,28,0,,0,16,4,512,15.6,1920,1.8
147,Windows,16,4.7,24,45,4,GDDR6,1500,16,5,512,15.6,2560,1.945
1520,Windows,16,4.4,16,45,6,GDDR6,1750,16,4,1024,17.3,1920,2.7
932,Windows,4,3.3,4,15,0,,0,8,4,256,15.6,1920,1.85
366,Windows,16,4.8,24,35,6,GDDR6,1375,32,4,512,17.3,3840,2.53
1117,Windows,8,4.2,8,28,0,,0,8,4,512,15.6,1920,1.6
11,Windows,4,2.0,4,15,0,,0,8,4,512,15.6,1920,1.65
216,Windows,12,4.2,16,45,4,GDDR6,1500,16,4,512,14.0,2880,1.45
1236,Windows,4,3.4,4,15,0,,0,4,4,128,15.6,1920,1.8
1093,Windows,8,5.0,12,28,0,,0,16,4,512,14.0,1920,1.224
951,Windows,16,5.3,16,45,4,GDDR5,1751,32,4,1024,15.6,3840,1.71
1708,Windows,16,5.3,16,45,6,GDDR6,1500,32,4,1024,15.6,3840,1.955
1738,Windows,16,4.2,12,54,6,GDDR6,1750,16,4,512,15.6,1920,2.16
943,Windows,8,4.7,12,28,0,,0,16,4,512,14.0,3840,1.286
43,Windows,8,4.8,12,32,0,,0,16,4,512,16.1,1920,1.674
691,Windows,16,4.6,24,35,6,GDDR6,1750,16,4,1024,17.3,1920,2.98
1516,Windows,8,4.8,12,32,4,GDDR6,1500,16,4,512,15.6,1920,2.0
1051,Windows,16,4.3,8,15,0,,0,16,4,512,15.6,1920,1.66
241,Windows,8,4.2,8,28,0,,0,12,4,512,15.6,1920,1.8
154,Windows,20,4.7,24,45,4,GDDR6,1750,16,4,1024,15.6,2880,1.828
1749,Windows,8,4.8,12,28,2,GDDR6,1250,32,4,1024,14.0,1920,1.35
1058,Windows,8,4.7,12,28,0,,0,16,4,512,15.6,1920,1.65
927,Windows,8,4.5,6,45,6,GDDR6,1750,16,4,512,15.6,1920,2.46
746,Windows,20,5.0,24,45,8,GDDR6,1750,32,5,1024,17.0,2560,2.498
1199,Windows,8,4.4,8,32,2,GDDR6,1250,16,4,512,15.6,3456,1.8
1569,Windows,8,4.7,12,28,0,,0,16,4,512,15.6,1920,1.96
1355,Windows,12,4.0,8,15,0,,0,8,4,512,15.6,1920,1.8
40,Windows,16,4.7,18,28,0,,0,16,5,1024,14.0,2560,1.2
1412,Windows,8,4.2,8,28,2,GDDR5,1752,8,4,512,15.6,1920,1.8
1105,Windows,8,4.8,12,28,6,GDDR6,1750,16,4,1024,15.6,1920,1.69
912,Windows,8,4.2,8,28,0,,0,16,4,512,15.6,1920,1.759
1635,Windows,16,4.3,8,15,0,,0,16,4,512,15.6,1920,1.75
716,Windows,16,4.6,16,45,4,GDDR6,1500,32,4,512,16.0,2560,1.9
976,Windows,8,4.2,6,25,0,,0,8,4,256,13.3,1920,1.25
62,Windows,16,4.6,24,35,8,GDDR6,1750,16,4,1024,16.1,2560,2.45
1875,Windows,12,4.0,8,15,0,,0,8,4,512,17.3,1920,2.07
1091,Windows,16,5.0,24,45,8,GDDR6,1750,64,4,2048,17.3,1920,3.02
611,Windows,20,4.7,24,45,6,GDDR6,1750,16,5,2048,16.0,2560,2.55
279,Windows,16,4.7,16,35,8,GDDR6,1750,16,5,1024,14.0,2560,1.65
260,Windows,8,4.5,6,45,4,GDDR5,2001,8,4,512,15.6,1920,2.3
1329,Windows,16,4.4,16,45,8,GDDR6,1750,16,4,1024,15.6,2560,2.3
155,Windows,20,4.7,24,45,0,,0,16,4,512,14.5,2880,1.736
270,Windows,16,4.7,24,45,6,GDDR6,1750,16,4,512,15.6,1920,2.0
857,Windows,12,4.2,16,15,0,,0,16,4,512,14.0,2240,1.474
997,Windows,16,5.0,24,35,16,GDDR6,1750,32,4,1024,15.6,1920,2.87
1511,Windows,16,4.4,16,45,6,GDDR6,1750,16,4,512,15.6,1920,2.3
393,Windows,16,4.4,16,45,4,GDDR6,1500,16,4,512,15.6,1920,2.81
777,Windows,20,4.7,24,45,8,GDDR6,1750,32,5,1024,17.3,2560,2.8
1283,Windows,8,4.2,8,28,0,,0,8,4,512,14.0,1920,1.2
1025,Windows,12,4.2,16,45,6,GDDR6,1750,16,4,512,15.6,1920,2.4
295,Windows,16,4.7,16,45,6,GDDR6,1750,16,5,512,15.6,1920,2.3
850,Windows,4,4.1,4,25,0,,0,16,4,256,15.6,1920,1.53
1578,Windows,8,4.2,8,28,0,,0,8,4,256,13.3,1920,1.147
1411,Windows,12,4.0,8,15,0,,0,16,4,512,13.3,1920,1.07
1271,Windows,16,4.4,16,15,4,GDDR6,1500,16,4,512,14.0,1920,1.5
1427,Windows,16,4.6,16,45,8,GDDR6,1750,32,4,1024,17.3,1920,2.7
775,Windows,20,5.0,24,45,16,GDDR6,2000,64,5,2048,17.3,3840,2.8
322,Windows,12,4.4,12,9,0,,0,16,4,512,13.0,2880,0.764
663,Windows,16,4.8,24,35,4,GDDR6,1375,16,4,512,15.6,1920,2.87
1003,Windows,8,4.4,12,15,0,,0,16,4,1024,13.3,2560,1.16
389,Windows,12,4.4,12,15,0,,0,16,4,512,14.0,1920,1.57
1596,Windows,8,4.7,12,28,2,GDDR5,1752,16,4,1024,14.5,2560,1.26
421,Windows,8,4.2,8,28,0,,0,16,4,1024,14.0,1920,1.44
772,Windows,16,4.4,12,28,0,,0,16,5,512,14.0,1920,1.6
1245,Windows,4,3.3,4,6,0,,0,8,4,256,17.3,1920,2.6
339,Windows,20,4.7,24,45,6,GDDR6,1750,32,5,1024,17.0,3840,2.512
989,Windows,8,4.2,8,28,0,,0,8,4,256,14.0,1920,1.13
419,Windows,16,5.0,24,35,6,GDDR6,1375,16,4,1024,17.3,3840,2.926
605,Windows,20,4.8,24,28,0,,0,32,4,1024,13.0,2160,0.958
352,Windows,16,4.7,18,28,0,,0,32,5,1024,13.4,1920,1.26
1573,Windows,8,4.4,8,32,2,GDDR6,1250,8,4,512,15.6,1920,1.8
590,Windows,12,4.3,16,15,0,,0,8,4,256,14.0,1920,1.566
1585,Windows,8,4.5,6,45,4,GDDR6,1500,8,4,512,15.6,1920,2.56
607,Windows,8,4.2,8,28,0,,0,16,4,512,14.0,2880,1.415
1267,Windows,12,4.0,8,15,4,GDDR5,2001,8,4,512,14.0,1920,1.5
1385,Windows,16,4.3,8,15,0,,0,8,4,512,13.3,1920,1.07
19,Windows,16,4.4,12,28,4,GDDR6,1750,16,4,512,15.6,1920,1.824
1646,Windows,12,5.0,12,45,8,GDDR6,1500,16,4,512,15.6,1920,2.4
510,Windows,16,4.4,16,15,0,,0,16,4,512,13.3,1920,1.3
177,Windows,16,4.6,16,45,0,,0,16,4,512,14.0,2880,1.4
318,Windows,8,4.2,8,28,0,,0,8,4,512,15.6,1920,1.727
839,Windows,8,4.8,12,32,0,,0,16,4,512,14.0,2560,1.4
882,Windows,8,4.7,12,28,0,,0,16,4,512,13.3,1920,1.339
596,Windows,16,4.4,12,28,0,,0,16,4,512,16.0,1920,1.949
749,Windows,24,4.8,25,55,8,GDDR6,1750,16,5,1024,15.6,1920,2.469
326,Windows,20,4.8,24,28,0,,0,16,4,512,13.4,3456,1.265
1067,Windows,4,4.1,6,28,0,,0,8,4,512,14.0,1920,1.41
1218,Windows,8,4.7,12,28,4,LPDDR4X,2133,16,4,1024,14.0,1920,1.37
1634,Windows,4,3.3,4,6,0,,0,8,4,256,11.6,1366,1.47
831,Windows,16,4.4,16,45,8,GDDR6,1750,16,4,1024,15.6,1920,2.35
841,Windows,8,4.2,8,28,0,,0,16,4,512,17.0,2560,1.35
351,Windows,12,4.5,12,35,0,,0,8,4,512,15.6,1920,1.787
833,MacOS,8,3.49,8,18,0,,0,8,4,256,13.6,2560,1.215
840,Windows,16,5.0,24,45,16,GDDR6,1750,32,4,2048,17.3,3840,2.922
1558,Windows,8,4.8,12,28,0,,0,16,4,1024,14.0,1920,1.0
1358,Windows,8,4.2,12,25,0,,0,8,4,512,15.6,1920,1.8
735,Windows,8,4.2,8,28,0,,0,16,4,512,14.0,1900,1.226
265,Windows,16,4.7,16,45,8,GDDR6,1750,16,5,512,16.0,2560,2.2
1681,Windows,16,4.3,8,15,0,,0,16,4,512,15.6,1920,1.86
1068,Windows,8,4.2,8,28,0,,0,8,4,512,14.0,1920,1.41
589,Windows,16,4.7,16,45,8,GDDR6,1750,32,5,1024,16.0,2560,2.556
15,Windows,16,4.7,16,45,8,GDDR6,1750,16,5,1024,15.6,1920,2.5
159,Windows,16,4.6,16,45,4,GDDR6,1500,16,4,1024,15.6,1920,1.865
1234,Windows,12,5.0,12,45,6,GDDR6,1750,16,4,1024,17.3,1920,2.2
348,Windows,8,4.2,8,28,0,,0,8,4,256,15.6,1920,1.655
580,Windows,8,4.0,8,15,0,,0,16,4,512,12.6,2560,0.719
1383,Windows,16,4.6,16,35,6,GDDR6,1750,16,4,1024,14.0,1920,1.68
1252,Windows,12,5.0,12,45,4,GDDR6,1250,16,4,1024,14.0,1920,1.775
1230,Windows,8,4.2,8,28,0,,0,16,4,512,13.3,2560,1.407
112,Windows,8,4.5,8,28,0,,0,8,4,512,15.6,1920,1.8
985,Windows,8,4.0,8,15,0,,0,16,4,512,13.0,2160,0.907
360,Windows,12,4.3,16,15,0,,0,8,4,256,15.6,1920,1.94
634,Windows,16,4.4,16,15,0,,0,16,4,512,13.3,1920,1.264
1413,Windows,8,4.8,12,32,4,GDDR5,1751,16,4,512,15.6,1920,1.9
879,Windows,12,4.2,16,15,0,,0,16,4,512,15.6,1920,1.929
1581,Windows,4,3.3,4,6,0,,0,4,4,512,11.6,1366,1.4
54,Windows,6,4.0,11,25,0,,0,8,4,256,14.0,1920,1.2
824,Windows,20,4.7,24,45,8,GDDR6,1750,32,5,1024,17.3,2560,2.5
929,Windows,8,4.7,12,28,0,,0,16,4,512,15.6,1920,1.7
531,Windows,12,4.7,12,15,0,,0,32,5,1024,13.5,1920,0.99
819,Windows,16,4.6,24,35,8,GDDR6,1750,16,4,1024,15.6,2560,2.38
1112,Windows,16,5.0,16,45,8,GDDR6,1750,32,4,1024,15.6,1920,2.315
1514,Windows,8,4.8,12,32,6,GDDR6,1750,16,4,512,15.6,1920,2.0
924,Windows,12,5.0,12,45,4,GDDR6,1250,16,4,1024,15.6,3840,1.958
8,Windows,12,4.7,12,9,0,,0,16,4,512,13.3,2560,1.19
1345,Windows,8,4.2,8,28,0,,0,8,4,512,14.0,1920,1.25
1489,Windows,4,3.4,4,15,0,,0,8,4,128,15.6,1920,1.8
263,Windows,12,4.5,12,35,4,GDDR6,1500,16,4,512,15.6,1920,2.3
948,Windows,8,4.0,4,15,0,,0,8,4,512,14.0,1920,1.65
915,Windows,8,4.2,8,28,0,,0,16,4,512,14.0,1920,1.491
995,Windows,12,5.0,12,45,2,GDDR5,1252,32,4,1024,15.6,3840,2.07
1598,Windows,12,5.1,12,45,2,GDDR5,1502,16,4,512,14.0,1920,1.54
1640,Windows,8,4.2,8,28,0,,0,8,4,512,15.6,1920,1.91
1747,Windows,16,4.6,24,35,4,GDDR6,1250,16,4,512,15.6,1920,1.89
365,Windows,16,5.0,24,35,6,GDDR6,1375,32,4,512,17.0,3840,2.53
755,Windows,20,4.7,24,45,8,GDDR6,1750,16,4,1024,17.3,1920,2.85
1160,Windows,16,4.6,24,35,6,GDDR6,1750,16,4,512,17.3,1920,2.45
1040,Windows,8,4.7,12,28,0,,0,16,4,512,14.0,1920,1.5
343,Windows,8,4.1,6,45,4,GDDR6,1500,8,4,512,15.6,1920,2.474
1305,Windows,12,5.0,12,45,6,GDDR6,1750,16,4,512,15.6,1920,2.3
963,Windows,8,4.2,8,28,0,,0,16,4,1024,13.3,2560,0.966
1010,Windows,8,4.2,8,28,0,,0,8,4,256,13.3,1920,1.26
645,Windows,8,5.0,12,28,0,,0,8,4,512,14.0,3840,1.37
776,Windows,20,4.7,24,45,8,GDDR6,1750,32,5,1024,17.3,1920,2.8
671,Windows,8,3.8,4,15,0,,0,8,4,1024,14.0,1920,1.64
1377,Windows,16,4.3,8,15,0,,0,16,4,1024,15.6,1920,1.8
1509,Windows,16,4.4,16,45,6,GDDR6,1750,16,4,512,17.3,1920,2.6
417,Windows,20,4.7,24,45,8,GDDR6,1750,32,5,1024,16.1,2560,2.29
1655,Windows,16,5.0,24,45,8,GDDR6,1750,32,4,512,17.3,3840,2.766
757,Windows,20,5.0,24,45,6,GDDR6,1750,16,4,512,15.6,1920,2.301
1113,Windows,16,5.0,16,45,8,GDDR6,1750,32,4,1024,17.3,1920,3.027
592,Windows,16,4.9,16,45,6,GDDR6,1750,32,4,1024,16.0,2560,2.08
382,Windows,8,4.4,8,28,0,,0,16,4,512,14.0,1920,1.52
754,Windows,20,4.7,24,45,8,GDDR6,1750,16,4,1024,17.3,1920,2.72
1086,Windows,8,4.7,12,28,0,,0,16,4,256,16.0,2560,1.19
1480,Windows,12,4.0,8,15,0,,0,16,4,1024,17.3,1920,2.3
1187,Windows,16,5.3,16,45,8,GDDR6,1750,32,4,1024,15.6,1920,2.38
1356,Windows,8,3.8,4,15,0,,0,8,4,256,15.6,1920,1.8
61,Windows,20,4.7,24,45,8,GDDR6,1750,16,4,1024,16.0,2560,2.4
762,Windows,16,4.9,24,35,16,GDDR6,1750,64,4,1024,15.6,1920,2.1
1580,Windows,8,4.8,12,28,0,,0,16,4,512,13.4,3456,1.245
9,Windows,24,5.0,30,55,16,GDDR6,2000,32,5,2048,17.3,2560,2.927
858,Windows,12,4.2,16,15,0,,0,16,4,512,13.3,1920,1.443
298,Windows,16,4.7,16,35,8,GDDR6,1750,32,5,2048,16.0,2560,2.1
499,Windows,20,4.7,24,45,6,GDDR6,1750,16,4,512,16.1,1920,2.31
618,Windows,16,4.8,18,28,0,,0,16,4,512,14.0,1920,1.489
274,Windows,20,4.7,24,45,6,GDDR6,1750,16,5,1024,16.0,2560,1.9
855,Windows,4,4.1,6,28,0,,0,8,4,256,15.6,1920,1.855
402,Windows,16,4.6,24,35,6,GDDR6,1750,16,4,1024,15.6,3840,2.0
1375,Windows,16,4.6,16,45,8,GDDR6,1750,64,4,2048,15.6,2560,2.314
1223,Windows,4,3.5,4,15,0,,0,4,4,128,15.6,1920,1.8
599,Windows,24,5.0,30,55,16,GDDR6,2000,32,5,1024,16.0,2560,2.567
1431,Windows,8,4.7,12,28,2,GDDR6,1250,16,4,1024,14.0,1920,1.29
328,Windows,20,4.7,24,45,4,GDDR6,1500,16,5,512,16.0,3072,2.053
868,Windows,16,4.6,24,35,4,GDDR6,1375,16,4,512,17.3,1920,3.565
1711,Windows,8,4.7,12,28,2,GDDR6,1250,16,4,1024,14.0,1920,1.413
1687,Windows,8,4.2,8,28,0,,0,8,4,512,13.3,3840,1.223
765,Windows,20,4.7,24,45,8,GDDR6,1750,16,4,1024,15.6,2560,2.38
1672,Windows,8,4.8,12,28,0,,0,16,4,512,14.0,1920,1.2
685,Windows,16,4.7,16,45,10,GDDR6,2000,16,5,1024,16.0,2560,2.53
1201,Windows,8,4.7,12,28,2,GDDR6,1250,16,4,512,14.0,2560,1.46
1903,MacOS,10,3.2,48,30,0,,0,32,4,512,14.2,3024,1.6
935,Windows,8,4.7,12,28,0,,0,16,4,512,14.0,1920,1.43
756,Windows,12,4.2,16,45,4,GDDR6,1750,16,4,512,15.6,1920,2.32
42,Windows,8,4.4,8,32,0,,0,8,4,512,16.1,1920,1.75
416,Windows,16,4.6,24,35,4,GDDR6,1250,16,4,512,15.6,1920,1.974
1636,Windows,12,4.0,8,15,0,,0,8,4,512,15.6,1920,1.75
4,Windows,16,4.9,16,45,8,GDDR6,2000,16,5,1024,16.0,2560,2.181
1587,Windows,8,4.2,8,28,0,,0,16,4,256,13.3,1920,1.2
317,Windows,8,4.7,12,28,0,,0,16,4,512,15.6,1920,1.73
708,Windows,12,4.2,16,45,4,GDDR5,2001,16,4,512,15.6,1920,2.25
1630,Windows,8,4.8,12,28,0,,0,16,4,512,13.3,1920,1.29
120,Windows,16,4.7,18,28,4,GDDR6,1750,16,4,1024,15.6,1920,1.76
1049,Windows,16,4.4,16,15,0,,0,16,4,512,14.0,2880,1.38
1151,Windows,6,4.0,11,25,0,,0,8,4,512,14.0,1920,1.3
376,Windows,12,4.4,12,15,0,,0,16,4,256,15.6,1920,1.59
844,Windows,16,4.4,16,45,0,,0,16,4,512,16.0,2520,1.99
658,Windows,16,4.7,18,28,0,,0,32,5,2048,14.0,2880,1.12
121,Windows,12,4.4,12,15,0,,0,16,4,512,15.6,1920,1.76
266,Windows,16,4.7,16,45,8,GDDR6,1750,16,5,1024,15.6,2560,2.2
1104,Windows,16,5.1,16,45,8,GDDR6,1750,16,4,512,17.3,1920,2.64
22,Windows,20,4.7,24,45,8,GDDR6,1750,16,4,1024,15.6,2560,2.453
158,Windows,16,4.4,16,45,0,,0,16,4,512,14.0,2880,1.4
631,Windows,12,4.2,16,45,6,GDDR6,1750,16,4,512,17.3,1920,3.067
388,Windows,8,4.7,12,28,0,,0,16,4,512,15.6,1920,1.73
225,Windows,4,4.1,6,28,0,,0,4,4,128,14.0,1920,1.5
1181,Windows,16,5.0,24,45,8,GDDR6,1750,32,4,2048,17.3,1920,2.9
1477,Windows,12,4.0,8,15,0,,0,8,4,512,14.0,1920,1.5
1551,Windows,2,2.8,4,6,0,,0,4,4,128,15.6,1920,1.63
164,Windows,20,4.7,24,45,6,GDDR6,1750,16,5,1024,15.6,1920,2.077
1830,Windows,12,4.2,16,45,6,GDDR6,1750,16,4,512,15.6,1920,2.46
1889,Windows,8,3.6,6,15,0,,0,8,4,512,15.6,1366,1.69
600,Windows,20,4.8,24,28,0,,0,16,4,1024,14.0,2880,1.389
1225,Windows,16,4.4,16,45,8,GDDR6,1750,16,4,1024,15.6,2560,2.3
1178,Windows,8,4.1,6,45,6,GDDR6,1750,16,4,512,15.6,1920,1.86
405,Windows,12,4.7,12,9,0,,0,8,4,512,13.3,1920,1.393
1625,Windows,8,4.2,8,28,0,,0,8,4,256,15.6,1920,1.59
842,Windows,16,5.0,24,35,8,GDDR6,1750,32,4,1024,16.0,3840,1.86
1315,Windows,16,4.6,24,35,8,GDDR6,1750,16,4,512,15.6,1920,2.3
1660,Windows,16,4.6,24,35,8,GDDR6,1750,32,4,1024,17.3,3840,2.5
1391,Windows,8,4.7,12,28,0,,0,16,4,512,14.0,1920,1.3
1320,Windows,12,5.0,12,45,4,GDDR5,2001,16,4,512,15.6,1920,2.3
18,Windows,8,4.8,12,28,0,,0,16,4,512,14.0,1920,1.165
41,Windows,16,4.7,18,28,0,,0,16,5,1024,14.0,2560,1.2
1096,Windows,8,4.7,12,28,0,,0,8,4,512,15.6,1920,1.6
664,Windows,16,5.0,24,35,8,GDDR6,1500,32,4,1024,15.6,1920,2.67
659,Windows,12,4.7,12,15,0,,0,16,5,512,14.0,1920,1.12
126,Windows,8,4.2,8,28,0,,0,8,4,512,15.6,1920,1.9
961,Windows,12,4.2,16,45,0,,0,16,4,512,14.0,2240,1.32
1651,Windows,16,5.0,16,45,4,GDDR6,1500,16,4,512,15.6,1920,2.65
1220,Windows,4,3.5,4,15,0,,0,8,4,256,14.0,1920,1.5
876,Windows,16,4.6,16,45,0,,0,16,4,1024,14.0,2880,1.32
825,Windows,20,5.0,24,45,16,GDDR6,2000,32,5,2048,16.0,2560,2.3
1118,Windows,16,5.3,16,45,8,GDDR6,1750,32,4,2048,15.6,1920,2.38
529,Windows,16,4.5,16,15,0,,0,16,4,512,14.0,1920,1.37
1663,Windows,16,4.6,24,35,8,GDDR6,1750,16,4,512,16.1,1920,2.37
230,Windows,16,4.5,18,45,0,,0,8,4,512,15.6,1920,1.7
998,Windows,16,4.6,24,35,6,GDDR6,1375,32,4,512,15.6,1920,2.87
3,Windows,20,4.7,24,45,6,GDDR6,1750,16,5,1024,16.0,2560,2.206
838,Linux,16,4.3,8,15,0,,0,8,4,512,15.6,1920,1.724
261,Windows,12,4.5,12,35,6,GDDR6,1750,16,4,512,15.6,1920,2.3
448,Windows,12,4.4,12,45,4,GDDR5,2001,8,4,512,15.6,1920,2.29
342,Windows,16,4.7,18,28,0,,0,32,4,1024,13.4,3840,1.242
797,Windows,20,4.8,24,28,4,GDDR6,1500,32,4,1024,15.6,3840,1.69
1034,Windows,16,4.2,12,54,4,GDDR5,2001,16,4,512,15.6,1920,2.2
1680,Windows,8,4.7,12,28,0,,0,16,4,1024,13.5,3000,1.34
933,Windows,8,4.7,12,28,0,,0,16,4,1024,15.6,1920,1.9
82,Windows,16,4.4,16,45,8,GDDR6,1750,16,4,1024,17.3,1920,2.7
893,Windows,8,4.8,12,28,0,,0,16,4,1024,14.0,3840,1.459
66,Windows,16,4.6,24,35,6,GDDR6,1750,16,4,1024,15.6,2560,2.1
285,Windows,20,5.0,24,45,8,GDDR6,1750,16,5,1024,15.6,1920,2.4
205,Windows,12,4.2,16,45,0,,0,16,4,512,15.6,1920,1.65
132,Windows,8,4.2,8,28,0,,0,8,4,256,14.0,1920,1.55
495,Windows,16,4.4,16,45,8,GDDR6,1750,16,4,1024,16.1,2560,2.31
320,Windows,2,2.8,4,6,0,,0,8,4,128,11.6,1366,1.23
1442,Windows,12,4.0,11,54,4,GDDR5,2001,8,4,512,15.6,1920,2.3
337,Windows,12,4.7,12,15,0,,0,16,4,512,14.0,1920,1.624
774,Windows,20,4.8,24,28,0,,0,16,5,1024,13.4,1920,1.35
400,Windows,16,4.6,16,45,8,GDDR6,1750,16,4,512,15.6,1920,2.189
418,Windows,16,4.4,16,45,8,GDDR6,1750,16,4,1024,16.1,2560,2.25
1787,Windows,12,4.2,16,45,4,GDDR5,2001,8,4,512,15.6,1920,2.25
1543,Windows,16,4.4,16,35,6,GDDR6,1750,16,4,512,15.6,1920,2.3
871,Windows,16,4.4,16,45,4,GDDR6,1500,16,4,512,15.6,1920,2.4
1471,Windows,12,4.0,8,15,0,,0,8,4,512,14.0,1920,1.4
667,Windows,12,4.4,12,15,0,,0,16,4,512,14.0,1920,1.39
1704,Windows,6,4.0,11,25,0,,0,8,4,512,15.6,1920,1.75
1409,Windows,8,4.2,8,28,0,,0,8,4,512,14.0,1920,1.3
1753,Windows,12,4.5,12,35,4,GDDR6,1500,16,4,1024,16.1,1920,2.46
888,Windows,16,4.6,16,45,8,GDDR6,1750,32,4,1024,16.0,2560,2.496
854,Windows,8,4.2,8,28,0,,0,16,4,512,14.0,2160,1.49
1254,Windows,8,4.2,8,28,0,,0,8,4,512,14.0,1920,1.005
1150,Windows,8,4.7,12,28,2,GDDR6,1250,16,4,1024,15.6,1920,1.6
1620,Windows,8,4.2,8,28,2,GDDR6,1250,8,4,512,15.6,1920,1.59
323,Windows,20,5.0,24,45,4,GDDR6,1375,32,4,1024,14.0,2560,1.621
93,Windows,16,4.6,24,35,6,GDDR6,1750,16,4,512,15.6,1920,2.2
937,Windows,8,4.4,12,15,0,,0,16,4,512,13.0,2160,0.946
773,Windows,20,4.8,24,28,0,,0,16,5,1024,14.0,1920,1.6
1852,Windows,8,4.2,12,25,0,,0,16,4,512,13.3,1920,1.32
517,Windows,16,4.6,24,35,4,GDDR6,1500,16,4,1024,15.6,1920,2.18
1238,Windows,12,5.0,12,45,8,GDDR6,1375,32,4,1024,15.6,3840,2.5
863,Windows,8,4.8,12,32,0,,0,16,4,1024,14.0,2880,1.389
576,Windows,20,4.7,24,45,0,,0,16,4,512,16.0,1920,1.7
964,Windows,8,4.2,8,28,0,,0,16,4,1024,15.6,1920,1.85
1108,Windows,12,4.0,11,54,4,GDDR6,1750,8,4,512,15.6,1920,1.86
14,Windows,20,5.0,24,45,6,GDDR6,1750,32,4,1024,14.0,2880,1.734
979,Windows,4,3.9,6,15,0,,0,8,4,256,12.3,1920,1.1
178,Windows,8,4.7,12,28,0,,0,16,4,512,15.6,1920,1.3
578,Windows,12,4.0,8,15,0,,0,8,4,512,15.6,1920,1.607
272,Windows,20,5.0,24,45,16,GDDR6,2000,32,5,2048,16.0,2560,1.9
771,Windows,16,4.7,18,28,4,GDDR6,1500,32,5,1024,16.0,2560,1.9
1401,Windows,16,4.4,16,45,8,GDDR6,1750,16,4,1024,15.6,1920,2.3
1055,Windows,12,4.0,8,15,0,,0,8,4,512,17.3,1600,2.1
706,Windows,16,4.5,18,45,4,GDDR6,1500,16,4,512,15.6,1920,2.315
1670,Windows,8,4.7,12,28,0,,0,32,4,1024,15.6,1920,1.75
866,Windows,16,4.6,24,35,4,GDDR6,1250,16,4,512,16.0,2560,1.842
1368,Windows,12,4.0,8,15,0,,0,8,4,256,15.6,1920,1.8
1641,Windows,16,4.3,8,15,0,,0,16,4,512,14.0,1920,1.65
660,Windows,16,4.4,12,28,0,,0,16,4,512,16.0,1920,1.655
763,Windows,20,5.0,24,45,8,GDDR6,1750,32,4,1024,17.3,1920,2.8
1769,Windows,8,4.2,12,25,0,,0,16,4,512,13.3,1920,0.99
555,Windows,16,4.3,8,15,0,,0,8,4,256,15.6,1920,1.69
235,Windows,16,4.3,8,15,0,,0,16,4,512,15.6,1920,1.8
598,Windows,12,4.5,16,35,0,,0,16,4,512,16.0,2560,1.944
1677,Windows,8,4.7,12,28,2,GDDR6,1250,16,4,1024,15.6,1920,1.747
1665,Windows,16,4.4,16,45,6,GDDR6,1750,16,4,1024,16.1,1920,2.473
988,Windows,8,4.7,12,28,0,,0,16,4,512,14.0,1920,1.13
885,Windows,8,4.7,12,28,2,GDDR6,1250,32,4,1024,15.6,3840,1.851
612,Windows,8,4.7,12,28,2,GDDR5,1752,16,4,512,17.3,1920,2.157
614,Windows,16,4.4,12,28,0,,0,16,4,512,14.0,1920,1.193
926,Windows,12,5.1,12,45,4,GDDR5,1751,16,4,512,15.6,1920,1.71
827,Windows,20,4.7,24,45,4,GDDR6,1500,16,4,1024,16.0,2560,2.26
1180,Windows,16,4.6,24,35,8,GDDR6,1750,32,4,2048,17.3,1920,2.9
311,Windows,8,4.5,8,28,0,,0,16,4,512,14.0,2560,1.49
654,Windows,16,4.7,18,28,0,,0,32,5,1024,14.0,3840,1.38
1116,Windows,4,4.1,6,28,0,,0,8,4,512,14.0,1920,1.3
1226,Windows,16,4.4,16,45,8,GDDR6,1750,32,4,1024,17.3,1920,2.7
180,Windows,8,4.7,12,28,0,,0,16,4,1024,13.3,1920,1.3
1874,Windows,8,4.7,12,28,0,,0,16,4,512,13.3,1920,0.99
210,Windows,8,4.8,12,32,0,,0,16,4,512,15.6,1920,1.65
1629,Windows,8,4.7,12,28,0,,0,16,4,512,14.0,1920,1.4
168,Windows,8,5.0,12,28,0,,0,16,4,1024,14.0,1900,1.44
1300,Windows,8,4.4,8,32,6,GDDR6,1750,16,4,512,14.0,1920,1.7
1627,Windows,8,4.2,8,28,0,,0,8,4,256,14.0,1920,1.27
1515,Windows,8,4.8,12,32,6,GDDR6,1750,16,4,1024,15.6,1920,2.0
1615,Windows,4,4.1,6,28,0,,0,8,4,256,15.6,1920,1.64
1137,Windows,16,4.6,24,35,8,GDDR6,1750,16,4,512,15.6,1920,2.3
1362,Windows,4,3.4,4,15,0,,0,8,4,256,17.3,1600,2.7
338,Windows,20,4.7,24,45,4,GDDR6,1500,32,5,512,17.0,3840,2.474
692,Windows,12,4.5,12,35,6,GDDR6,1750,16,4,1024,17.3,1920,2.98
1395,Windows,8,4.2,8,28,0,,0,8,4,512,14.0,1920,1.5
1652,Windows,16,5.0,16,45,6,GDDR6,1750,16,4,512,15.6,1920,2.65
516,Windows,20,4.7,24,45,6,GDDR6,1750,16,5,1024,16.0,2560,2.32
622,Windows,12,4.0,8,15,0,,0,8,4,512,15.6,1920,1.64
355,Windows,8,4.7,12,28,0,,0,16,4,512,13.3,1920,1.23
1444,Windows,16,4.4,16,35,6,GDDR6,1750,16,4,1024,14.0,1920,1.7
738,Windows,16,4.7,18,28,0,,0,16,5,512,17.0,2560,1.35
675,Windows,16,4.3,8,15,0,,0,16,4,512,15.6,1920,1.7
628,Windows,16,4.6,16,35,2,GDDR6,1250,16,4,1024,14.0,2880,1.374
1235,Windows,8,4.5,6,45,4,GDDR6,1500,8,4,256,15.6,1920,2.3
747,Windows,24,5.0,30,55,16,GDDR6,2000,64,5,2048,17.3,3840,3.385
1373,Windows,2,2.8,4,6,0,,0,4,4,512,11.6,1366,1.4
1423,Windows,8,4.7,12,28,0,,0,16,4,1024,14.0,1920,0.995
140,Windows,4,3.3,4,6,0,,0,4,4,128,14.0,1920,1.6
1386,Windows,16,4.6,16,45,8,GDDR6,1750,32,4,1024,17.3,1920,2.7
367,Windows,20,4.7,24,45,4,GDDR6,1375,16,5,512,17.3,3840,2.57
425,Windows,8,4.2,8,28,0,,0,8,4,256,14.0,1920,1.35
1367,Windows,8,4.2,8,28,0,,0,8,4,512,14.0,1920,1.483
116,Windows,16,4.4,12,28,4,GDDR6,1500,8,4,512,15.6,1920,2.1
848,Windows,8,4.7,12,28,0,,0,16,4,512,14.0,2160,1.49
983,Windows,8,4.4,12,15,0,,0,16,4,1024,13.5,2256,1.15
957,Windows,8,4.2,8,28,0,,0,16,4,512,14.0,1920,1.29
778,Windows,20,5.0,24,45,16,GDDR6,2000,64,5,2048,15.6,3840,2.1
1877,Windows,4,4.1,6,28,0,,0,4,4,128,15.6,1920,1.69
1571,Windows,8,4.7,12,28,0,,0,16,4,512,13.4,1920,1.33
640,Windows,16,4.4,16,45,0,,0,16,4,1024,14.0,2880,1.39
878,Windows,16,4.4,16,15,0,,0,16,4,512,14.0,1920,1.673
714,Windows,12,4.0,8,15,0,,0,16,4,256,14.0,1920,1.5
970,Windows,16,4.4,16,15,0,,0,16,4,512,13.3,2560,1.21
1065,Windows,12,4.0,8,15,0,,0,8,4,256,15.6,1920,1.65
836,Linux,8,4.2,8,28,0,,0,8,4,256,15.6,1920,1.9
1609,Windows,12,5.0,12,45,4,GDDR6,1500,16,4,1024,15.6,3840,2.05
636,Windows,16,4.7,16,35,4,GDDR6,1500,16,5,1024,14.5,3072,1.45
80,Windows,16,4.6,24,35,4,GDDR6,1500,16,4,256,17.3,1920,2.7
865,Windows,8,4.0,8,15,0,,0,16,4,512,13.3,2560,1.171
282,Windows,24,5.0,30,55,16,GDDR6,2000,32,4,512,17.3,2560,3.1
1671,Windows,16,4.4,16,15,0,,0,16,4,512,13.3,1920,0.953
201,Windows,8,4.8,12,32,4,GDDR6,1500,16,4,1024,16.1,3840,1.95
877,Windows,16,4.3,8,15,0,,0,16,4,1024,15.6,1920,1.808
1319,Windows,12,5.0,12,45,6,GDDR6,1750,16,4,1024,15.6,1920,2.3
1076,Windows,8,4.7,12,28,0,,0,16,4,1024,14.0,1920,0.967
12,Windows,16,4.5,18,45,0,,0,16,4,1024,14.0,2880,1.364
1184,Windows,16,5.0,16,45,8,GDDR6,1750,16,4,1024,17.3,1920,2.9
1862,Windows,8,4.7,12,28,4,GDDR6,1250,16,4,1024,14.0,1920,1.49
588,Windows,16,4.75,16,28,0,,0,32,4,1024,13.3,2880,1.289
423,Windows,16,4.6,24,35,4,GDDR6,1375,32,4,1024,15.6,3840,2.35
370,Windows,12,4.8,12,15,2,GDDR6,1250,32,5,512,15.6,1920,1.59
890,Windows,8,4.7,12,28,0,,0,16,4,1024,13.3,2560,1.221
85,Windows,20,4.7,24,45,4,GDDR6,1500,16,4,1024,15.6,1920,2.5
1227,Windows,16,4.4,16,45,8,GDDR6,1750,16,4,1024,17.3,1920,2.7
1321,Windows,8,4.5,6,45,4,GDDR5,2001,8,4,512,15.6,1920,2.3
252,Windows,8,4.2,8,28,0,,0,8,4,512,14.0,1920,1.55
1700,Windows,8,4.2,8,28,0,,0,8,4,512,14.0,1920,1.41
53,Windows,12,4.0,8,15,0,,0,8,4,512,14.0,1920,1.2
407,Windows,12,4.8,12,15,4,GDDR6,1500,32,5,1024,16.0,1920,1.978
52,Windows,8,3.8,4,15,0,,0,8,4,512,14.0,1920,1.2
458,Windows,16,4.5,16,15,0,,0,16,4,512,15.6,1920,1.74
1863,Windows,8,4.2,8,28,0,,0,8,4,512,13.3,1920,1.24
1868,Windows,8,4.7,12,28,0,,0,16,4,512,14.0,1920,1.32
873,Windows,8,4.4,8,32,2,GDDR6,1250,16,4,512,16.0,2560,1.9
457,Windows,12,4.2,16,15,0,,0,16,4,512,13.3,1920,1.45
1217,Windows,16,4.6,16,45,8,GDDR6,1750,16,4,512,17.3,1920,2.53
906,Windows,8,4.4,12,15,0,,0,16,4,512,12.3,1920,1.107
312,Windows,8,4.2,8,28,0,,0,16,4,512,13.3,1920,1.25
829,Windows,16,4.6,24,35,6,GDDR6,1750,16,4,512,15.6,3840,2.1
1379,Windows,8,4.7,12,28,0,,0,16,4,1024,13.3,1920,1.188
219,Windows,8,4.4,8,32,0,,0,8,4,256,14.0,2880,1.4
851,Windows,8,4.2,6,25,0,,0,16,4,512,14.0,1920,1.38
852,Windows,8,4.2,6,25,2,GDDR5,1502,8,4,512,14.0,1920,1.38
1387,Windows,8,4.2,8,28,4,LPDDR4X,2133,8,4,512,14.0,1920,1.5
1294,Windows,16,4.6,24,35,6,GDDR6,1750,16,4,512,16.0,2560,2.45
880,Windows,12,4.0,8,15,0,,0,16,4,512,14.0,1920,1.591
214,Windows,12,4.2,16,45,4,GDDR6,1500,16,4,512,14.0,2880,1.45
142,Windows,8,4.8,12,32,4,GDDR6,1500,16,4,512,16.0,3840,1.969
945,Windows,8,4.9,8,25,0,,0,16,3,512,14.0,1920,1.09
234,Windows,16,4.4,12,28,0,,0,16,4,512,15.6,1920,1.7
1211,Windows,6,4.0,11,25,0,,0,8,4,256,15.6,1920,1.69
232,Windows,8,4.2,8,28,0,,0,8,4,512,15.6,1920,1.8
657,Windows,16,4.6,24,35,4,GDDR6,1500,32,4,1024,16.0,3840,1.86
752,Windows,20,5.0,24,45,16,GDDR6,2000,32,5,2048,15.6,3840,2.436
174,Windows,20,5.0,24,45,4,GDDR6,1500,32,5,2048,14.5,2880,1.75
966,Windows,8,4.2,8,28,0,,0,16,4,512,14.0,1920,1.36
597,Windows,20,4.7,24,45,0,,0,16,4,512,17.3,3072,1.977
662,Windows,16,5.0,24,35,16,GDDR6,1750,32,4,1024,17.3,3840,3.37
1731,Windows,8,4.2,8,28,0,,0,16,4,512,15.6,1920,1.74
514,Windows,16,4.7,18,28,0,,0,16,4,1024,17.3,1920,1.84
1314,Windows,16,4.6,24,35,4,GDDR6,1500,16,4,512,15.6,1920,2.3
1416,Windows,8,3.6,6,15,0,,0,8,4,512,13.3,1920,1.182
1901,MacOS,10,3.2,24,15,0,,0,16,4,1024,16.2,3456,2.153
1066,Windows,4,3.5,4,15,0,,0,4,4,128,15.6,1366,1.85
156,Windows,20,5.0,24,45,8,GDDR6,1750,32,5,2048,15.6,2560,2.3
160,Windows,8,3.9,8,15,0,,0,16,4,512,17.3,1920,2.2
793,Windows,20,4.7,24,45,8,GDDR6,1750,16,4,1024,15.6,2560,2.3
1869,Windows,8,4.2,6,25,0,,0,8,4,256,14.0,1920,1.32
781,Windows,20,4.8,24,28,6,GDDR6,1750,16,4,1024,15.6,1920,1.85
686,Windows,16,4.4,16,45,8,GDDR6,1750,16,4,1024,16.0,2560,2.5
21,Windows,8,4.5,8,28,4,GDDR6,1500,16,4,512,16.1,1920,1.82
336,Windows,12,4.5,12,45,4,GDDR6,1500,16,4,512,15.6,1920,2.47
99,Windows,8,4.7,12,28,0,,0,16,4,1024,14.0,1920,1.86
532,Windows,8,4.2,8,28,0,,0,16,4,512,17.3,1920,2.08
202,Windows,16,4.4,16,45,4,GDDR6,1500,16,4,1024,16.0,3840,1.95
1724,Windows,12,4.9,12,25,0,,0,16,4,512,14.0,1920,1.361
1077,Windows,8,4.7,12,28,0,,0,16,4,512,16.0,2560,1.454
33,Windows,16,4.7,18,28,4,GDDR6,1500,16,5,1024,14.0,2240,1.4
962,Windows,16,4.4,16,45,0,,0,16,4,512,14.0,2880,1.32
